{
    "Ar36": {
        "error": 0.0002476682834370882, 
        "filter_outliers_dict": {
            "filter_outliers": true, 
            "iterations": 2, 
            "std_devs": 2
        }, 
        "fit": "Parabolic", 
        "value": 0.0036372383030554302
    }, 
    "Ar37": {
        "error": 0.011968772987009844, 
        "filter_outliers_dict": {
            "filter_outliers": true, 
            "iterations": 2, 
            "std_devs": 2
        }, 
        "fit": "linear", 
        "value": 0.03781317106865021
    }, 
    "Ar38": {
        "error": 0.012912874856518807, 
        "filter_outliers_dict": {
            "filter_outliers": true, 
            "iterations": 2, 
            "std_devs": 2
        }, 
        "fit": "linear", 
        "value": -0.11124607914991083
    }, 
    "Ar39": {
        "error": 0.024038032256514026, 
        "filter_outliers_dict": {
            "filter_outliers": true, 
            "iterations": 2, 
            "std_devs": 2
        }, 
        "fit": "Parabolic", 
        "value": 0.06951492658904809
    }, 
    "Ar40": {
        "error": 0.02235433073581374, 
        "filter_outliers_dict": {
            "filter_outliers": true, 
            "iterations": 2, 
            "std_devs": 2
        }, 
        "fit": "Parabolic", 
        "value": 0.8220616367236458
    }
}