{
    "Ar36": {
        "error": 0.00010014627748602348, 
        "filter_outliers_dict": {
            "filter_outliers": true, 
            "iterations": 1, 
            "std_devs": 2
        }, 
        "fit": "Parabolic", 
        "value": 0.0008047817002853863
    }, 
    "Ar37": {
        "error": 0.003983379130850565, 
        "filter_outliers_dict": {
            "filter_outliers": true, 
            "iterations": 1, 
            "std_devs": 2
        }, 
        "fit": "linear", 
        "value": 0.15940322506442614
    }, 
    "Ar38": {
        "error": 0.0017365865214751842, 
        "filter_outliers_dict": {
            "filter_outliers": true, 
            "iterations": 1, 
            "std_devs": 2
        }, 
        "fit": "linear", 
        "value": 0.020346341140795365
    }, 
    "Ar39": {
        "error": 0.006804550953789392, 
        "filter_outliers_dict": {
            "filter_outliers": true, 
            "iterations": 1, 
            "std_devs": 2
        }, 
        "fit": "Parabolic", 
        "value": 0.08943373036408706
    }, 
    "Ar40": {
        "error": 0.0072354951640429994, 
        "filter_outliers_dict": {
            "filter_outliers": true, 
            "iterations": 1, 
            "std_devs": 2
        }, 
        "fit": "Parabolic", 
        "value": 0.23841115028136184
    }, 
    "Ar41": {
        "error": 0.004414037120119801, 
        "filter_outliers_dict": {
            "filter_outliers": true, 
            "iterations": 1, 
            "std_devs": 2
        }, 
        "fit": "linear", 
        "value": 0.08430204932867781
    }
}