{
    "Ar36": {
        "error": 0.00021104573638407954, 
        "filter_outliers_dict": {
            "filter_outliers": true, 
            "iterations": 1, 
            "std_devs": 2
        }, 
        "fit": "Linear", 
        "value": 0.006550957899068108
    }, 
    "Ar37": {
        "error": 0.011512605960194159, 
        "filter_outliers_dict": {
            "filter_outliers": true, 
            "iterations": 1, 
            "std_devs": 2
        }, 
        "fit": "linear", 
        "value": 0.39425181216221156
    }, 
    "Ar38": {
        "error": 0.004229324371270341, 
        "filter_outliers_dict": {
            "filter_outliers": true, 
            "iterations": 1, 
            "std_devs": 2
        }, 
        "fit": "linear", 
        "value": 1.5549112570772226
    }, 
    "Ar39": {
        "error": 0.019068301285925224, 
        "filter_outliers_dict": {
            "filter_outliers": true, 
            "iterations": 1, 
            "std_devs": 2
        }, 
        "fit": "Linear", 
        "value": 115.64316384095606
    }, 
    "Ar40": {
        "error": 0.043558757271505766, 
        "filter_outliers_dict": {
            "filter_outliers": true, 
            "iterations": 1, 
            "std_devs": 2
        }, 
        "fit": "Linear", 
        "value": 459.72246422179734
    }, 
    "Ar41": {
        "error": 0.004272295347887936, 
        "filter_outliers_dict": {
            "filter_outliers": true, 
            "iterations": 1, 
            "std_devs": 2
        }, 
        "fit": "Average", 
        "value": 0.08953978130078001
    }
}