{
    "Ar36": {
        "error": 0.0002342595653831647, 
        "filter_outliers_dict": {
            "filter_outliers": true, 
            "iterations": 1, 
            "std_devs": 2
        }, 
        "fit": "Linear", 
        "value": 0.009627515567538273
    }, 
    "Ar37": {
        "error": 0.010034333917426086, 
        "filter_outliers_dict": {
            "filter_outliers": true, 
            "iterations": 1, 
            "std_devs": 2
        }, 
        "fit": "linear", 
        "value": 0.9890111297152532
    }, 
    "Ar38": {
        "error": 0.006521901484973889, 
        "filter_outliers_dict": {
            "filter_outliers": true, 
            "iterations": 1, 
            "std_devs": 2
        }, 
        "fit": "linear", 
        "value": 5.30700958957457
    }, 
    "Ar39": {
        "error": 0.03642635459139776, 
        "filter_outliers_dict": {
            "filter_outliers": true, 
            "iterations": 1, 
            "std_devs": 2
        }, 
        "fit": "Linear", 
        "value": 403.5767227471592
    }, 
    "Ar40": {
        "error": 0.09139221076603649, 
        "filter_outliers_dict": {
            "filter_outliers": true, 
            "iterations": 1, 
            "std_devs": 2
        }, 
        "fit": "Linear", 
        "value": 1599.816247361323
    }, 
    "Ar41": {
        "error": 0.004910309766982026, 
        "filter_outliers_dict": {
            "filter_outliers": true, 
            "iterations": 1, 
            "std_devs": 2
        }, 
        "fit": "Average", 
        "value": 0.15392711088561573
    }
}