{
    "Ar36": {
        "error": 0.0003932284200968796, 
        "filter_outliers_dict": {
            "filter_outliers": true, 
            "iterations": 1, 
            "std_devs": 2
        }, 
        "fit": "Linear", 
        "value": 0.02462222065580516
    }, 
    "Ar37": {
        "error": 0.010167325043415325, 
        "filter_outliers_dict": {
            "filter_outliers": true, 
            "iterations": 1, 
            "std_devs": 2
        }, 
        "fit": "linear", 
        "value": 1.3583276086421006
    }, 
    "Ar38": {
        "error": 0.00808849502577184, 
        "filter_outliers_dict": {
            "filter_outliers": true, 
            "iterations": 1, 
            "std_devs": 2
        }, 
        "fit": "linear", 
        "value": 8.699613915599082
    }, 
    "Ar39": {
        "error": 0.05223432508502899, 
        "filter_outliers_dict": {
            "filter_outliers": true, 
            "iterations": 1, 
            "std_devs": 2
        }, 
        "fit": "Linear", 
        "value": 659.1226141926106
    }, 
    "Ar40": {
        "error": 0.15424089489806608, 
        "filter_outliers_dict": {
            "filter_outliers": true, 
            "iterations": 1, 
            "std_devs": 2
        }, 
        "fit": "Linear", 
        "value": 2620.41054847363
    }, 
    "Ar41": {
        "error": 0.0043898973369761755, 
        "filter_outliers_dict": {
            "filter_outliers": true, 
            "iterations": 1, 
            "std_devs": 2
        }, 
        "fit": "Average", 
        "value": 0.19316829075869044
    }
}