{
    "Ar36": {
        "error": 0.00044311607625356603, 
        "filter_outliers_dict": {
            "filter_outliers": true, 
            "iterations": 2, 
            "std_devs": 2
        }, 
        "fit": "Parabolic", 
        "value": 0.017022894768134143
    }, 
    "Ar37": {
        "error": 0.011623178871250995, 
        "filter_outliers_dict": {
            "filter_outliers": true, 
            "iterations": 2, 
            "std_devs": 2
        }, 
        "fit": "linear", 
        "value": 0.6570194289365937
    }, 
    "Ar38": {
        "error": 0.012990741776194494, 
        "filter_outliers_dict": {
            "filter_outliers": true, 
            "iterations": 2, 
            "std_devs": 2
        }, 
        "fit": "linear", 
        "value": 2.4910700492285174
    }, 
    "Ar39": {
        "error": 0.0401783108053698, 
        "filter_outliers_dict": {
            "filter_outliers": true, 
            "iterations": 2, 
            "std_devs": 2
        }, 
        "fit": "Parabolic", 
        "value": 202.8753848202947
    }, 
    "Ar40": {
        "error": 0.07788920550911281, 
        "filter_outliers_dict": {
            "filter_outliers": true, 
            "iterations": 2, 
            "std_devs": 2
        }, 
        "fit": "Parabolic", 
        "value": 813.8485393740701
    }
}