{
    "Ar36": {
        "error": 0.0002864511013585435, 
        "filter_outliers_dict": {
            "filter_outliers": true, 
            "iterations": 2, 
            "std_devs": 2
        }, 
        "fit": "Parabolic", 
        "value": 0.007576793069866471
    }, 
    "Ar37": {
        "error": 0.011603579139511938, 
        "filter_outliers_dict": {
            "filter_outliers": true, 
            "iterations": 2, 
            "std_devs": 2
        }, 
        "fit": "linear", 
        "value": 0.1371332513741652
    }, 
    "Ar38": {
        "error": 0.013402247857879149, 
        "filter_outliers_dict": {
            "filter_outliers": true, 
            "iterations": 2, 
            "std_devs": 2
        }, 
        "fit": "linear", 
        "value": 0.362105721498633
    }, 
    "Ar39": {
        "error": 0.023912131676972304, 
        "filter_outliers_dict": {
            "filter_outliers": true, 
            "iterations": 2, 
            "std_devs": 2
        }, 
        "fit": "Parabolic", 
        "value": 38.96481964503234
    }, 
    "Ar40": {
        "error": 0.03447183632174193, 
        "filter_outliers_dict": {
            "filter_outliers": true, 
            "iterations": 2, 
            "std_devs": 2
        }, 
        "fit": "Parabolic", 
        "value": 157.10342185484137
    }
}