{
    "Ar36": {
        "error": 0.0005650687401608095, 
        "filter_outliers_dict": {
            "filter_outliers": true, 
            "iterations": 2, 
            "std_devs": 2
        }, 
        "fit": "Parabolic", 
        "value": 0.038258651762361026
    }, 
    "Ar37": {
        "error": 0.012031816731847568, 
        "filter_outliers_dict": {
            "filter_outliers": true, 
            "iterations": 2, 
            "std_devs": 2
        }, 
        "fit": "linear", 
        "value": 0.045984109305593227
    }, 
    "Ar38": {
        "error": 0.012836903906473697, 
        "filter_outliers_dict": {
            "filter_outliers": true, 
            "iterations": 2, 
            "std_devs": 2
        }, 
        "fit": "linear", 
        "value": 1.068026225725066
    }, 
    "Ar39": {
        "error": 0.030399597577055182, 
        "filter_outliers_dict": {
            "filter_outliers": true, 
            "iterations": 2, 
            "std_devs": 2
        }, 
        "fit": "Parabolic", 
        "value": 93.0428102167362
    }, 
    "Ar40": {
        "error": 0.08209961732414714, 
        "filter_outliers_dict": {
            "filter_outliers": true, 
            "iterations": 2, 
            "std_devs": 2
        }, 
        "fit": "Parabolic", 
        "value": 1154.218082220287
    }
}